[
   {
      "fields":{
         "name":"\u666e\u901a\u7528\u6237\u7ec4",
         "permissions":[

         ]
      },
      "model":"auth.group",
      "pk":1
   },
   {
      "fields":{
         "name":"\u7ba1\u7406\u7528\u6237\u7ec4",
         "permissions":[

         ]
      },
      "model":"auth.group",
      "pk":2
   },
   {
      "fields":{
         "name":"\u6570\u636e\u7ba1\u7406\u7ec4",
         "permissions":[

         ]
      },
      "model":"auth.group",
      "pk":3
   },
   {
      "fields":{
         "username":"admin",
         "first_name":"",
         "last_name":"",
         "is_active":true,
         "is_superuser":true,
         "is_staff":true,
         "last_login":"2016-12-17T08:41:16.857",
         "groups":[

         ],
         "user_permissions":[

         ],
         "password":"pbkdf2_sha256$20000$heLXYlcJPa8e$N8lDvyTssxeAZS8rvjIxQuckYGjHed7WeQBFt+Gaszg=",
         "email":"",
         "date_joined":"2015-11-03T14:45:20.426"
      },
      "model":"auth.user",
      "pk":1
   },
   {
      "fields":{
         "username":"xiandiao",
         "first_name":"",
         "last_name":"",
         "is_active":true,
         "is_superuser":false,
         "is_staff":false,
         "last_login":"2016-12-17T10:18:22.269",
         "groups":[
            3
         ],
         "user_permissions":[

         ],
         "password":"pbkdf2_sha256$20000$Dqk1KaieFgYX$QkWlY5CLzR0OWLGQgnYXfOHg1SFDofe66C28FGLnE8c=",
         "email":"",
         "date_joined":"2016-12-15T20:33:19.293"
      },
      "model":"auth.user",
      "pk":2
   },
   {
      "fields":{
         "username":"xiandang",
         "first_name":"",
         "last_name":"",
         "is_active":true,
         "is_superuser":false,
         "is_staff":false,
         "last_login":"2016-12-17T15:42:38.609",
         "groups":[
            3
         ],
         "user_permissions":[

         ],
         "password":"pbkdf2_sha256$20000$FAW3og34LA6A$lMO5i55uql7HyfvhTjz7G8mdHRdkdDxpsEnpYGEOfP4=",
         "email":"",
         "date_joined":"2016-12-17T10:20:43.129"
      },
      "model":"auth.user",
      "pk":3
   },
   {
      "fields":{
         "username":"yongkui",
         "first_name":"",
         "last_name":"",
         "is_active":true,
         "is_superuser":false,
         "is_staff":false,
         "last_login":"2016-12-17T10:23:44.530",
         "groups":[
            3
         ],
         "user_permissions":[

         ],
         "password":"pbkdf2_sha256$20000$ythRVEPAekkT$q0xJf/Toy1vu/8BYlZRABnDB7M2pVOisyUSJGw/vo2U=",
         "email":"",
         "date_joined":"2016-12-17T10:20:58.712"
      },
      "model":"auth.user",
      "pk":4
   },
   {
      "fields":{
         "status":1,
         "rght":2,
         "level":0,
         "name":"system_name",
         "parent":null,
         "creator":null,
         "created_at":"2016-12-17T10:42:28.157",
         "title":"\u7cfb\u7edf\u540d\u79f0",
         "updated_at":"2016-12-17T10:42:28.157",
         "value":"\u85cf\u7ecf\u5feb\u901f\u5f00\u53d1\u5e73\u53f0",
         "lft":1,
         "tree_id":11,
         "deleted_at":null
      },
      "model":"adminlte.systemconfig",
      "pk":15
   },
   {
      "fields":{
         "status":1,
         "rght":2,
         "level":0,
         "name":"system_subhead",
         "parent":null,
         "creator":null,
         "created_at":"2016-12-17T10:42:28.157",
         "title":"\u7cfb\u7edf\u526f\u6807\u9898",
         "updated_at":"2016-12-17T10:42:28.157",
         "value":"\u5706\u6ee1\u53d1\u5fc3 \u5e7f\u5927\u627f\u62c5",
         "lft":1,
         "tree_id":12,
         "deleted_at":null
      },
      "model":"adminlte.systemconfig",
      "pk":16
   },
   {
      "fields":{
         "status":1,
         "rght":8,
         "name":"\u7ec4\u7ec7\u67b6\u6784",
         "parent":null,
         "creator":null,
         "url":"",
         "created_at":"2016-12-17T10:42:28.157",
         "level":0,
         "updated_at":"2016-12-17T10:42:28.157",
         "order":100,
         "lft":1,
         "tree_id":4,
         "deleted_at":null,
         "app_name":"organization",
         "model_name":"",
         "icon":"fa-sitemap"
      },
      "model":"adminlte.menu",
      "pk":1
   },
   {
      "fields":{
         "status":1,
         "rght":5,
         "name":"\u5c0f\u7ec4\u7ba1\u7406",
         "parent":1,
         "creator":null,
         "url":"",
         "created_at":"2016-12-17T10:42:28.157",
         "level":1,
         "updated_at":"2016-12-17T10:42:28.157",
         "order":106,
         "lft":4,
         "tree_id":4,
         "deleted_at":null,
         "app_name":"organization",
         "model_name":"department",
         "icon":"fa-rocket"
      },
      "model":"adminlte.menu",
      "pk":2
   },
   {
      "fields":{
         "status":1,
         "rght":7,
         "name":"\u4e49\u5de5\u7ba1\u7406",
         "parent":1,
         "creator":null,
         "url":"",
         "created_at":"2016-12-17T10:42:28.157",
         "level":1,
         "updated_at":"2016-12-17T10:42:28.157",
         "order":109,
         "lft":6,
         "tree_id":4,
         "deleted_at":null,
         "app_name":"organization",
         "model_name":"staff",
         "icon":"fa-user"
      },
      "model":"adminlte.menu",
      "pk":3
   },
   {
      "fields":{
         "status":1,
         "rght":14,
         "name":"\u7cfb\u7edf\u914d\u7f6e",
         "parent":null,
         "creator":null,
         "url":"",
         "created_at":"2016-12-17T10:42:28.157",
         "level":0,
         "updated_at":"2016-12-17T10:42:28.157",
         "order":9000,
         "lft":1,
         "tree_id":6,
         "deleted_at":null,
         "app_name":"adminlte",
         "model_name":"",
         "icon":"fa-gears"
      },
      "model":"adminlte.menu",
      "pk":4
   },
   {
      "fields":{
         "status":1,
         "rght":13,
         "name":"\u53c2\u6570\u914d\u7f6e",
         "parent":4,
         "creator":null,
         "url":"",
         "created_at":"2016-12-17T10:42:28.157",
         "level":1,
         "updated_at":"2016-12-17T10:42:28.157",
         "order":9006,
         "lft":12,
         "tree_id":6,
         "deleted_at":null,
         "app_name":"adminlte",
         "model_name":"systemconfig",
         "icon":"fa-key"
      },
      "model":"adminlte.menu",
      "pk":5
   },
   {
      "fields":{
         "status":1,
         "rght":7,
         "name":"\u83dc\u5355\u7ba1\u7406",
         "parent":4,
         "creator":null,
         "url":"",
         "created_at":"2016-12-17T10:42:28.157",
         "level":1,
         "updated_at":"2016-12-17T10:42:28.157",
         "order":9003,
         "lft":6,
         "tree_id":6,
         "deleted_at":null,
         "app_name":"adminlte",
         "model_name":"menu",
         "icon":"fa-list"
      },
      "model":"adminlte.menu",
      "pk":6
   },
   {
      "fields":{
         "status":1,
         "rght":9,
         "name":"\u8d44\u6e90\u7ba1\u7406",
         "parent":4,
         "creator":null,
         "url":"",
         "created_at":"2016-12-17T10:42:28.157",
         "level":1,
         "updated_at":"2016-12-17T10:42:28.157",
         "order":9004,
         "lft":8,
         "tree_id":6,
         "deleted_at":null,
         "app_name":"adminlte",
         "model_name":"resource",
         "icon":"fa-bolt"
      },
      "model":"adminlte.menu",
      "pk":7
   },
   {
      "fields":{
         "status":1,
         "rght":8,
         "name":"\u6d88\u606f\u4e2d\u5fc3",
         "parent":null,
         "creator":null,
         "url":"",
         "created_at":"2016-12-17T10:42:28.157",
         "level":0,
         "updated_at":"2016-12-17T10:42:28.157",
         "order":300,
         "lft":1,
         "tree_id":5,
         "deleted_at":null,
         "app_name":"messageset",
         "model_name":"",
         "icon":"fa-envelope"
      },
      "model":"adminlte.menu",
      "pk":8
   },
   {
      "fields":{
         "status":1,
         "rght":3,
         "name":"\u7ad9\u5185\u4fe1",
         "parent":8,
         "creator":null,
         "url":"",
         "created_at":"2016-12-17T10:42:28.157",
         "level":1,
         "updated_at":"2016-12-17T10:42:28.157",
         "order":301,
         "lft":2,
         "tree_id":5,
         "deleted_at":null,
         "app_name":"messageset",
         "model_name":"sitemailreceive",
         "icon":"fa-inbox"
      },
      "model":"adminlte.menu",
      "pk":9
   },
   {
      "fields":{
         "status":1,
         "rght":5,
         "name":"\u7cfb\u7edf\u901a\u77e5",
         "parent":8,
         "creator":null,
         "url":"",
         "created_at":"2016-12-17T10:42:28.157",
         "level":1,
         "updated_at":"2016-12-17T10:42:28.157",
         "order":303,
         "lft":4,
         "tree_id":5,
         "deleted_at":null,
         "app_name":"messageset",
         "model_name":"notification",
         "icon":"fa-bell-o"
      },
      "model":"adminlte.menu",
      "pk":10
   },
   {
      "fields":{
         "status":1,
         "rght":7,
         "name":"\u540e\u53f0\u4efb\u52a1",
         "parent":8,
         "creator":null,
         "url":"",
         "created_at":"2016-12-17T10:42:28.157",
         "level":1,
         "updated_at":"2016-12-17T10:42:28.157",
         "order":304,
         "lft":6,
         "tree_id":5,
         "deleted_at":null,
         "app_name":"messageset",
         "model_name":"task",
         "icon":"fa-tasks"
      },
      "model":"adminlte.menu",
      "pk":11
   },
   {
      "fields":{
         "status":1,
         "rght":3,
         "name":"\u89d2\u8272\u7ba1\u7406",
         "parent":4,
         "creator":null,
         "url":"",
         "created_at":"2016-12-17T10:42:28.157",
         "level":1,
         "updated_at":"2016-12-17T10:42:28.157",
         "order":9001,
         "lft":2,
         "tree_id":6,
         "deleted_at":null,
         "app_name":"adminlte",
         "model_name":"ltegroup",
         "icon":"fa-group"
      },
      "model":"adminlte.menu",
      "pk":12
   },
   {
      "fields":{
         "status":1,
         "rght":11,
         "name":"\u6743\u9650\u7ba1\u7406",
         "parent":4,
         "creator":null,
         "url":"",
         "created_at":"2016-12-17T10:42:28.157",
         "level":1,
         "updated_at":"2016-12-17T10:42:28.157",
         "order":9005,
         "lft":10,
         "tree_id":6,
         "deleted_at":null,
         "app_name":"adminlte",
         "model_name":"permission",
         "icon":"fa-lock"
      },
      "model":"adminlte.menu",
      "pk":13
   },
   {
      "fields":{
         "status":1,
         "rght":5,
         "name":"\u7528\u6237\u7ba1\u7406",
         "parent":4,
         "creator":null,
         "url":"",
         "created_at":"2016-12-17T10:42:28.157",
         "level":1,
         "updated_at":"2016-12-17T10:42:28.157",
         "order":9002,
         "lft":4,
         "tree_id":6,
         "deleted_at":null,
         "app_name":"adminlte",
         "model_name":"lteuser",
         "icon":"fa-male"
      },
      "model":"adminlte.menu",
      "pk":14
   },
   {
      "fields":{
         "status":1,
         "rght":3,
         "name":"\u67b6\u6784\u7ba1\u7406",
         "parent":1,
         "creator":null,
         "url":"",
         "created_at":"2016-12-17T10:42:28.157",
         "level":1,
         "updated_at":"2016-12-17T10:42:28.157",
         "order":101,
         "lft":2,
         "tree_id":4,
         "deleted_at":null,
         "app_name":"organization",
         "model_name":"organization",
         "icon":"fa-bank"
      },
      "model":"adminlte.menu",
      "pk":15
   },
   {
      "fields":{
         "status":1,
         "rght":20,
         "name":"\u57fa\u7840\u6570\u636e",
         "parent":null,
         "creator":1,
         "url":"",
         "created_at":"2016-12-15T20:22:01.468",
         "level":0,
         "updated_at":"2016-12-15T20:22:01.468",
         "order":90,
         "lft":1,
         "tree_id":3,
         "deleted_at":null,
         "app_name":"catalogue",
         "model_name":"",
         "icon":"fa-circle-o"
      },
      "model":"adminlte.menu",
      "pk":16
   },
   {
      "fields":{
         "status":1,
         "rght":3,
         "name":"\u6807\u51c6\u7ecf\u85cf",
         "parent":16,
         "creator":1,
         "url":"",
         "created_at":"2016-12-15T20:23:50.954",
         "level":1,
         "updated_at":"2016-12-15T20:23:50.954",
         "order":91,
         "lft":2,
         "tree_id":3,
         "deleted_at":null,
         "app_name":"catalogue",
         "model_name":"tripitaka",
         "icon":"fa-list"
      },
      "model":"adminlte.menu",
      "pk":17
   },
   {
      "fields":{
         "status":1,
         "rght":8,
         "name":"\u5b9e\u4f53\u7ecf\u85cf",
         "parent":24,
         "creator":1,
         "url":"",
         "created_at":"2016-12-15T20:24:52.255",
         "level":2,
         "updated_at":"2016-12-15T20:24:52.255",
         "order":999,
         "lft":7,
         "tree_id":3,
         "deleted_at":null,
         "app_name":"catalogue",
         "model_name":"varianttripitaka",
         "icon":"fa-list"
      },
      "model":"adminlte.menu",
      "pk":18
   },
   {
      "fields":{
         "status":1,
         "rght":5,
         "name":"\u9f99\u6cc9\u7ecf\u76ee",
         "parent":16,
         "creator":1,
         "url":"",
         "created_at":"2016-12-15T20:25:55.942",
         "level":1,
         "updated_at":"2016-12-15T20:25:55.942",
         "order":92,
         "lft":4,
         "tree_id":3,
         "deleted_at":null,
         "app_name":"catalogue",
         "model_name":"lqsutra",
         "icon":"fa-list"
      },
      "model":"adminlte.menu",
      "pk":19
   },
   {
      "fields":{
         "status":1,
         "rght":10,
         "name":"\u518c\u4fe1\u606f",
         "parent":24,
         "creator":1,
         "url":"",
         "created_at":"2016-12-15T20:26:59.701",
         "level":2,
         "updated_at":"2016-12-15T20:26:59.701",
         "order":1000,
         "lft":9,
         "tree_id":3,
         "deleted_at":null,
         "app_name":"catalogue",
         "model_name":"volume",
         "icon":"fa-list"
      },
      "model":"adminlte.menu",
      "pk":20
   },
   {
      "fields":{
         "status":1,
         "rght":12,
         "name":"\u9875\u4fe1\u606f",
         "parent":24,
         "creator":1,
         "url":"",
         "created_at":"2016-12-15T20:29:52.692",
         "level":2,
         "updated_at":"2016-12-15T20:29:52.692",
         "order":1001,
         "lft":11,
         "tree_id":3,
         "deleted_at":null,
         "app_name":"catalogue",
         "model_name":"page",
         "icon":"fa-list"
      },
      "model":"adminlte.menu",
      "pk":21
   },
   {
      "fields":{
         "status":1,
         "rght":16,
         "name":"\u5b9e\u4f53\u7ecf\u672c",
         "parent":25,
         "creator":1,
         "url":"",
         "created_at":"2016-12-15T20:30:46.290",
         "level":2,
         "updated_at":"2016-12-15T20:30:46.290",
         "order":999,
         "lft":15,
         "tree_id":3,
         "deleted_at":null,
         "app_name":"catalogue",
         "model_name":"sutra",
         "icon":"fa-list"
      },
      "model":"adminlte.menu",
      "pk":22
   },
   {
      "fields":{
         "status":1,
         "rght":18,
         "name":"\u5377\u4fe1\u606f",
         "parent":25,
         "creator":1,
         "url":"",
         "created_at":"2016-12-15T20:31:35.981",
         "level":2,
         "updated_at":"2016-12-15T20:31:35.981",
         "order":1000,
         "lft":17,
         "tree_id":3,
         "deleted_at":null,
         "app_name":"catalogue",
         "model_name":"reel",
         "icon":"fa-list"
      },
      "model":"adminlte.menu",
      "pk":23
   },
   {
      "fields":{
         "status":1,
         "rght":13,
         "name":"\u5b9e\u4f53\u85cf\u7ecf\u6570\u636e",
         "parent":16,
         "creator":1,
         "url":"",
         "created_at":"2016-12-16T15:07:18.450",
         "level":1,
         "updated_at":"2016-12-16T15:07:18.450",
         "order":93,
         "lft":6,
         "tree_id":3,
         "deleted_at":null,
         "app_name":"catalogue",
         "model_name":"realtripitaka",
         "icon":"fa-circle-o"
      },
      "model":"adminlte.menu",
      "pk":24
   },
   {
      "fields":{
         "status":1,
         "rght":19,
         "name":"\u5b9e\u4f53\u7ecf\u76ee\u6570\u636e",
         "parent":16,
         "creator":1,
         "url":"",
         "created_at":"2016-12-16T15:10:00.592",
         "level":1,
         "updated_at":"2016-12-16T15:10:00.592",
         "order":94,
         "lft":14,
         "tree_id":3,
         "deleted_at":null,
         "app_name":"catalogue",
         "model_name":"realsutra",
         "icon":"fa-circle-o"
      },
      "model":"adminlte.menu",
      "pk":25
   },
   {
      "fields":{
         "status":1,
         "app_name":"adminlte",
         "creator":null,
         "url":"/api/v1/adminlte/systemconfig",
         "created_at":"2016-12-17T10:42:28.157",
         "updated_at":"2016-12-17T10:42:28.157",
         "note":"",
         "deleted_at":null,
         "model_name":"SystemConfig",
         "name":"\u83b7\u53d6\u7cfb\u7edf\u914d\u7f6e\u4fe1\u606f"
      },
      "model":"adminlte.resource",
      "pk":1
   },
   {
      "fields":{
         "status":1,
         "app_name":"messageset",
         "creator":1,
         "url":"/api/v1/messageset/notification",
         "created_at":"2016-12-15T20:43:29.659",
         "updated_at":"2016-12-15T20:43:29.659",
         "note":null,
         "deleted_at":null,
         "model_name":"Notification",
         "name":"messageset_notification"
      },
      "model":"adminlte.resource",
      "pk":2
   },
   {
      "fields":{
         "status":1,
         "app_name":"messageset",
         "creator":1,
         "url":"/api/v1/messageset/sitemailreceive",
         "created_at":"2016-12-15T20:44:43.831",
         "updated_at":"2016-12-15T20:44:43.831",
         "note":null,
         "deleted_at":null,
         "model_name":"Recieve",
         "name":"messageset_receive"
      },
      "model":"adminlte.resource",
      "pk":3
   },
   {
      "fields":{
         "status":1,
         "app_name":"adminlte",
         "creator":1,
         "url":"/api/v1/tasks/task",
         "created_at":"2016-12-15T20:45:12.746",
         "updated_at":"2016-12-15T20:45:12.746",
         "note":null,
         "deleted_at":null,
         "model_name":"messageset",
         "name":"messageset_task"
      },
      "model":"adminlte.resource",
      "pk":4
   },
   {
      "fields":{
         "status":1,
         "app_name":"catalogue",
         "creator":1,
         "url":"/api/v1/catalogue/tripitaka",
         "created_at":"2016-12-16T16:16:49.199",
         "updated_at":"2016-12-16T16:16:49.199",
         "note":null,
         "deleted_at":null,
         "model_name":"tripitaka",
         "name":"\u7ecf\u85cf"
      },
      "model":"adminlte.resource",
      "pk":5
   },
   {
      "fields":{
         "status":1,
         "app_name":"catalogue",
         "creator":1,
         "url":"/api/v1/catalogue/lqsutra",
         "created_at":"2016-12-16T16:18:13.610",
         "updated_at":"2016-12-16T16:18:13.610",
         "note":null,
         "deleted_at":null,
         "model_name":"lqsutra",
         "name":"\u9f99\u6cc9\u7ecf\u76ee"
      },
      "model":"adminlte.resource",
      "pk":6
   },
   {
      "fields":{
         "status":1,
         "app_name":"catalogue",
         "creator":1,
         "url":"/api/v1/catalogue/varianttripitaka",
         "created_at":"2016-12-16T16:18:58.709",
         "updated_at":"2016-12-16T16:18:58.709",
         "note":null,
         "deleted_at":null,
         "model_name":"varianttripitaka",
         "name":"\u5b9e\u4f53\u7ecf\u85cf"
      },
      "model":"adminlte.resource",
      "pk":7
   },
   {
      "fields":{
         "status":1,
         "app_name":"catalogue",
         "creator":1,
         "url":"/api/v1/catalogue/volume",
         "created_at":"2016-12-16T16:19:38.781",
         "updated_at":"2016-12-16T16:19:38.781",
         "note":null,
         "deleted_at":null,
         "model_name":"volume",
         "name":"\u518c\u4fe1\u606f"
      },
      "model":"adminlte.resource",
      "pk":8
   },
   {
      "fields":{
         "status":1,
         "app_name":"catalogue",
         "creator":1,
         "url":"/api/v1/catalogue/page",
         "created_at":"2016-12-16T16:20:27.734",
         "updated_at":"2016-12-16T16:20:27.734",
         "note":null,
         "deleted_at":null,
         "model_name":"page",
         "name":"\u518c\u4fe1\u606f"
      },
      "model":"adminlte.resource",
      "pk":9
   },
   {
      "fields":{
         "status":1,
         "app_name":"catalogue",
         "creator":1,
         "url":"/api/v1/catalogue/sutra",
         "created_at":"2016-12-16T16:21:11.165",
         "updated_at":"2016-12-16T16:21:11.165",
         "note":null,
         "deleted_at":null,
         "model_name":"sutra",
         "name":"\u5b9e\u4f53\u7ecf\u672c"
      },
      "model":"adminlte.resource",
      "pk":10
   },
   {
      "fields":{
         "status":1,
         "app_name":"catalogue",
         "creator":1,
         "url":"/api/v1/catalogue/reel",
         "created_at":"2016-12-16T16:21:51.039",
         "updated_at":"2016-12-16T16:21:51.039",
         "note":null,
         "deleted_at":null,
         "model_name":"reel",
         "name":"\u5377\u4fe1\u606f"
      },
      "model":"adminlte.resource",
      "pk":11
   },
   {
      "fields":{
         "status":1,
         "group":1,
         "creator":null,
         "created_at":"2016-12-17T10:42:28.157",
         "updated_at":"2016-12-17T10:42:28.157",
         "menus":[
            8,
            9,
            10,
            11
         ],
         "deleted_at":null,
         "resources":[
            1,
            2
         ]
      },
      "model":"adminlte.permission",
      "pk":1
   },
   {
      "fields":{
         "status":1,
         "group":2,
         "creator":null,
         "created_at":"2016-12-17T10:42:28.157",
         "updated_at":"2016-12-17T10:42:28.157",
         "menus":[
            1,
            15,
            2,
            3,
            8,
            9,
            10,
            11
         ],
         "deleted_at":null,
         "resources":[
            1
         ]
      },
      "model":"adminlte.permission",
      "pk":2
   },
   {
      "fields":{
         "status":1,
         "group":3,
         "creator":1,
         "created_at":"2016-12-15T20:32:41.357",
         "updated_at":"2016-12-15T20:32:41.357",
         "menus":[
            16,
            17,
            19,
            24,
            18,
            20,
            21,
            25,
            22,
            23
         ],
         "deleted_at":null,
         "resources":[
            2,
            3,
            4,
            5,
            6,
            7,
            8,
            9,
            10,
            11
         ]
      },
      "model":"adminlte.permission",
      "pk":3
   },
   {
      "fields":{
         "status":1,
         "title":"from page",
         "created_at":"2016-12-17T16:27:57.629",
         "creator":1,
         "updated_at":"2016-12-17T16:27:57.629",
         "receivers":[
            1
         ],
         "deleted_at":null,
         "contents":"from pagefrom pagefrom pagefrom pagefrom pagefrom pagefrom pagefrom pagefrom pagefrom pagefrom pagefrom pagefrom pagefrom pagefrom pagefrom page"
      },
      "model":"messageset.notificationcontent",
      "pk":11
   },
   {
      "fields":{
         "status":0,
         "title":"from page",
         "receive":1,
         "created_at":"2016-12-17T16:27:57.694",
         "creator":1,
         "updated_at":"2016-12-17T16:27:57.694",
         "content":11,
         "read_time":null,
         "send_time":"2016-12-17T16:27:57.695",
         "deleted_at":null
      },
      "model":"messageset.notification",
      "pk":5
   },
   {
      "fields":{
         "status":1,
         "rght":2,
         "name":"\u85cf\u7ecf\u529e",
         "parent":null,
         "creator":null,
         "created_at":"2016-12-17T10:42:28.157",
         "level":0,
         "updated_at":"2016-12-17T10:42:28.157",
         "lft":1,
         "tree_id":1,
         "deleted_at":null
      },
      "model":"organization.organization",
      "pk":1
   },
   {
      "fields":{
         "status":1,
         "rght":2,
         "name":"\u6821\u5bf9\u7ec4",
         "parent":null,
         "creator":null,
         "created_at":"2016-12-17T10:42:28.157",
         "level":0,
         "updated_at":"2016-12-17T10:42:28.157",
         "lft":1,
         "tree_id":3,
         "organization":1,
         "deleted_at":null
      },
      "model":"organization.department",
      "pk":1
   },
   {
      "fields":{
         "status":1,
         "rght":2,
         "name":"\u6821\u52d8\u7ec4",
         "parent":null,
         "creator":null,
         "created_at":"2016-12-17T10:42:28.157",
         "level":0,
         "updated_at":"2016-12-17T10:42:28.157",
         "lft":1,
         "tree_id":2,
         "organization":1,
         "deleted_at":null
      },
      "model":"organization.department",
      "pk":2
   },
   {
      "fields":{
         "status":1,
         "rght":2,
         "name":"\u529f\u80fd\u6d4b\u8bd5\u7ec4",
         "parent":null,
         "creator":1,
         "created_at":"2016-12-17T09:27:01.238",
         "level":0,
         "updated_at":"2016-12-17T09:27:01.238",
         "lft":1,
         "tree_id":1,
         "organization":1,
         "deleted_at":null
      },
      "model":"organization.department",
      "pk":3
   },
   {
      "fields":{
         "qq":null,
         "cellphone":" ",
         "creator":null,
         "created_at":"2016-12-17T10:42:28.157",
         "sex":"",
         "updated_at":"2016-12-17T10:42:28.157",
         "real_name":"\u8d24\u67d0",
         "job_status":1,
         "birthday":null,
         "status":1,
         "location":null,
         "department":1,
         "position":0,
         "deleted_at":null,
         "user":1,
         "email":null,
         "avatar":"adminlte/user_avatar/xianer04.jpg"
      },
      "model":"organization.staff",
      "pk":2
   },
   {
      "fields":{
         "qq":null,
         "cellphone":" ",
         "creator":1,
         "created_at":"2016-12-17T09:20:03.559",
         "sex":"",
         "updated_at":"2016-12-17T09:20:03.559",
         "real_name":"\u7889\u5e08",
         "job_status":1,
         "birthday":null,
         "status":1,
         "location":null,
         "department":2,
         "position":2,
         "deleted_at":null,
         "user":2,
         "email":null,
         "avatar":"adminlte/user_avatar/xianer02.jpg"
      },
      "model":"organization.staff",
      "pk":3
   },
   {
      "fields":{
         "qq":null,
         "cellphone":" ",
         "creator":1,
         "created_at":"2016-12-17T10:22:01.524",
         "sex":"",
         "updated_at":"2016-12-17T10:22:01.524",
         "real_name":"\u6321\u5e08",
         "job_status":1,
         "birthday":null,
         "status":1,
         "location":null,
         "department":2,
         "position":2,
         "deleted_at":null,
         "user":3,
         "email":null,
         "avatar":"adminlte/user_avatar/xianer01.jpg"
      },
      "model":"organization.staff",
      "pk":4
   },
   {
      "fields":{
         "qq":null,
         "cellphone":" ",
         "creator":1,
         "created_at":"2016-12-17T10:22:47.381",
         "sex":"",
         "updated_at":"2016-12-17T10:22:47.381",
         "real_name":"\u725b\u6c38\u9b41",
         "job_status":1,
         "birthday":null,
         "status":1,
         "location":null,
         "department":2,
         "position":2,
         "deleted_at":null,
         "user":4,
         "email":null,
         "avatar":"adminlte/user_avatar/xianer03.jpg"
      },
      "model":"organization.staff",
      "pk":5
   }
]